{"_default": {"1": {"username": "dinaashraf", "level": "Gold", "Score": 55}, "2": {"username": "ashraf", "level": "Gold", "Score": 75}, "3": {"username": "bla", "level": "Gold", "Score": 95}, "4": {"username": "Samah", "level": "Gold", "Score": 105}, "5": {"username": "Sameh", "level": "Gold", "Score": 115}, "6": {"username": "Tony", "level": "Gold", "Score": 75}, "7": {"username": "Tonia", "level": "Gold", "Score": 50}, "8": {"username": "Jack", "level": "Gold", "Score": 205}, "9": {"username": "Hunter", "level": "Gold", "Score": 210}, "10": {"username": "abdelsalam", "level": "Gold", "Score": 70}, "11": {"username": "Kotz", "level": "Gold", "Score": 65}, "12": {"username": "Gehad", "level": "Gold", "Score": 45}, "13": {"username": "Salah", "level": "Gold", "Score": 15}}}