{"_default": {"1": {"username": "razzk", "task": "", "description": "", "score": 1, "start_date": "01/01/2021 0:00", "end_date": "01/12/2021 23:00", "place": "", "partners": "", "status": "Done"}, "2": {"username": "razzk", "task": "", "description": "", "score": 1, "start_date": "01/01/2021 0:00", "end_date": "01/12/2021 23:00", "place": "", "partners": "", "status": "New"}, "3": {"username": "razzk", "task": "", "description": "", "score": 1, "start_date": "01/01/2021 0:00", "end_date": "01/12/2021 23:00", "place": "", "partners": "", "status": "New"}, "4": {"username": "razzk", "task": "mohamed", "description": "mohamed", "score": 1, "start_date": "01/01/2021 0:00", "end_date": "01/12/2021 23:00", "place": "cario", "partners": "mohamed", "status": "Done"}, "5": {"username": "razzk", "task": "mohamned", "description": "", "score": 1, "start_date": "01/01/2021 0:00", "end_date": "01/12/2021 23:00", "place": "", "partners": "", "status": "New"}}}